Workbook

Sheet Members
A1: ****************
A2: Member Database for BMX Ireland License DB
A3: Exported from Sqorz at Mon Mar 02 2026 14:36:58 GMT+0000 (Greenwich Mean Time)
A5: Required | B5: Required | C5: Required | D5: Required | E5: Required | F5: Required | G5: Required | H5: Required | I5: Optional | J5: Optional | K5: Optional | L5: Optional | M5: Optional | N5: Optional | O5: Optional | P5: Optional | Q5: Optional | R5: Optional | S5: Required | T5: Optional | U5: Optional | V5: Optional | W5: Optional | X5: Optional | Y5: Optional | Z5: Optional | AA5: Optional | AB5: Optional
C6: YYYY-MM-DD | F6: YYYY-MM-DD | G6: M/F | H6: Yes/No | M6: AA-NNNNN | N6: AA-NNNNN | O6: AA-NNNNN | P6: AA-NNNNN
A7: ****************
A8: License Number | B8: License Class | C8: License Expiry | D8: Given Name | E8: Family Name | F8: Birth Date | G8: Gender | H8: Active | I8: Plate 20 | J8: Plate 24 | K8: Plate Retro | L8: Plate Open | M8: Transponder 20 | N8: Transponder 24 | O8: Transponder Retro | P8: Transponder Open | Q8: License Country Code | R8: International License | S8: Club Name | T8: Team Name 1 | U8: Team Name 2 | V8: Team Name 3 | W8: Team Name 4 | X8: Team Name 5 | Y8: Email | Z8: CC Email | AA8: Emergency Contact Person | AB8: Emergency Contact Number
A9: 25LC0600 | B9: Adult | C9: 2025-12-31 | D9: Demelza | E9: FRANSSEN | F9: 1980-08-01 | G9: F | H9: Yes | I9: 914 | M9: FR-40459 | Q9: IRL | R9: 10133221501 | S9: Cork BMX
A10: LM-0303266 | B10: Adult | C10: 2025-12-31 | D10: RODNEY | E10: KENNEDY | F10: 1975-09-10 | G10: M | H10: Yes | I10: None | Q10: IRL | R10: 10116223461 | S10: Lisburn BMX
A11: LM-0315014 | B11: Adult | C11: 2025-12-31 | D11: Paul | E11: QUINN | F11: 1980-01-07 | G11: M | H11: Yes | I11: None | Q11: IRL | R11: 10143448836 | S11: Cork BMX
A12: 24LC1822 | B12: Adult | C12: 2024-12-31 | D12: Jonathan | E12: REID | F12: 1978-04-24 | G12: M | H12: Yes | Q12: IRL | R12: 10017085118 | S12: Belfast City BMX
A13: 25U80170 | B13: Youth | C13: 2025-12-31 | D13: Francesco | E13: PITINO | F13: 2018-12-14 | G13: M | H13: Yes | Q13: IRL | S13: Lucan BMX
A14: 24U23345 | B14: Youth | C14: 2024-12-31 | D14: Harlee | E14: GLYNN | F14: 2015-03-01 | G14: F | H14: Yes | I14: 497 | Q14: IRL | S14: Ratoath BMX
A15: LM-0316136 | B15: Adult | C15: 2025-12-31 | D15: Oliver | E15: COAKLEY | F15: 1977-03-08 | G15: M | H15: Yes | I15: None | Q15: IRL | R15: 10145228683 | S15: Cork BMX
A16: 25U80082 | B16: Youth | C16: 2025-12-31 | D16: Dáithí | E16: MIROWSKI | F16: 2018-04-14 | G16: M | H16: Yes | I16: 590 | Q16: IRL | S16: Cork BMX
A17: 25LC0017 | B17: Adult | C17: 2025-12-31 | D17: Eamonn | E17: WYER | F17: 1968-09-18 | G17: M | H17: Yes | I17: 34 | M17: FL-29533 | Q17: IRL | R17: 10017236880 | S17: Lucan BMX
A18: 24U80072 | B18: Youth | C18: 2024-12-31 | D18: William | E18: THOMPSON | F18: 2017-05-26 | G18: M | H18: Yes | I18: None | Q18: GBR | R18: 10143727207 | S18: Belfast City BMX
A19: 24U80094 | B19: Youth | C19: 2024-12-31 | D19: Katie | E19: BRERETON | F19: 2018-03-23 | G19: F | H19: Yes | I19: 553 | M19: HN-81931 | Q19: IRL | R19: 10136972973 | S19: Lucan BMX
A20: 23U80172 | B20: Youth | C20: 2023-12-31 | D20: Ollie | E20: WILSON | F20: 2017-01-01 | G20: M | H20: Yes | I20: 788 | M20: RG-15585 | Q20: IRL | R20: 10129535093 | S20: Belfast City BMX
A21: 23LC2318 | B21: Adult | C21: 2023-12-31 | D21: Geronimo | E21: ROA | F21: 1989-07-11 | G21: M | H21: Yes | I21: 126 | M21: TL-43056 | Q21: IRL | R21: 10005883234 | S21: Ratoath BMX
A22: LM-0239214 | B22: Adult | C22: 2025-12-31 | D22: Fiona | E22: CAMPBELL | F22: 1965-11-16 | G22: F | H22: Yes | I22: 888 | Q22: IRL | R22: 10088224211 | S22: Ratoath BMX
A23: LM-0306633 | B23: Adult | C23: 2022-12-31 | D23: Tom | E23: GORDON | F23: 1999-05-07 | G23: M | H23: Yes | I23: 987 | Q23: IRL | R23: 10122121566 | S23: Lisburn BMX
A24: LM-0317787 | B24: Adult | C24: 2025-12-31 | D24: Ivo | E24: VACLAVEK | F24: 1976-07-28 | G24: M | H24: Yes | I24: None | Q24: IRL | R24: 10148867702 | S24: Cork BMX
A25: 25LC1448 | B25: Adult | C25: 2025-12-31 | D25: Joseph | E25: O'NEILL | F25: 1981-06-18 | G25: M | H25: Yes | I25: 732 | M25: RF-38162 | N25: RF-38162 | Q25: IRL | R25: 10017188279 | S25: Saint Annes BMX
A26: 25U80083 | B26: Youth | C26: 2025-12-31 | D26: Aidan | E26: SUMNER | F26: 2017-03-16 | G26: M | H26: Yes | I26: None | Q26: IRL | R26: 10148784947 | S26: Cork BMX
A27: CS-0190248 | B27: Adult | C27: 2024-12-31 | D27: James | E27: MCNALLY | F27: 1967-05-02 | G27: M | H27: Yes | I27: 22 | M27: LZ-31160 | Q27: IRL | R27: 10017493225 | S27: Ratoath BMX
A28: 24U80150 | B28: Youth | C28: 2024-12-31 | D28: Aisling | E28: ELLIOTT | F28: 2016-02-06 | G28: F | H28: Yes | I28: 283 | M28: KS-61241 | Q28: IRL | R28: 10124954370 | S28: Cork BMX
A29: 25C30718 | B29: Youth | C29: 2025-12-31 | D29: Charlie | E29: JACKSON | F29: 2006-04-29 | G29: M | H29: Yes | I29: 194 | M29: NT-64531 | Q29: IRL | R29: 10016846052 | S29: Ratoath BMX
A30: 23LC2726 | B30: Adult | C30: 2023-12-31 | D30: Martina | E30: MASARIKOVA | F30: 1983-02-08 | G30: F | H30: Yes | I30: 825 | Q30: IRL | S30: Cork BMX
A31: 24U80095 | B31: Youth | C31: 2024-12-31 | D31: Leo | E31: STURGEON | F31: 2017-03-22 | G31: M | H31: Yes | I31: 725 | M31: FX-23650 | Q31: IRL | R31: 10123893737 | S31: Lisburn BMX
A32: 23U80052 | B32: Youth | C32: 2023-12-31 | D32: William | E32: WAUGH | F32: 2016-05-23 | G32: M | H32: Yes | I32: 946 | M32: SR-89207 | Q32: IRL | S32: Lisburn BMX
A33: 23U80173 | B33: Youth | C33: 2023-12-31 | D33: Nora | E33: MALONE | F33: 2015-07-13 | G33: F | H33: Yes | Q33: IRL | R33: 10129884802 | S33: Lisburn BMX
A34: 23U80294 | B34: Youth | C34: 2023-12-31 | D34: Alfie | E34: DUGGAN | F34: 2015-09-26 | G34: M | H34: Yes | I34: 777 | Q34: IRL | R34: 10142440541 | S34: Ratoath BMX
A35: 25LC0833 | B35: Adult | C35: 2025-12-31 | D35: Cyril | E35: MICHELLAND | F35: 1976-07-28 | G35: M | H35: Yes | I35: 955 | M35: FK-91414 | Q35: IRL | R35: 10110422659 | S35: Lucan BMX
A36: LM-0306832 | B36: Adult | C36: 2025-12-31 | D36: Gemma | E36: MCNAMARA | F36: 1980-11-13 | G36: F | H36: Yes | I36: None | Q36: GBR | R36: 10122862305 | S36: Belfast City BMX
A37: LM-0316886 | B37: Adult | C37: 2024-12-31 | D37: Dermott | E37: JEWELL | F37: 1990-01-02 | G37: M | H37: Yes | I37: None | Q37: IRL | R37: 10146843331 | S37: Lucan BMX
A38: 25U80040 | B38: Youth | C38: 2025-12-31 | D38: Finn | E38: ROBERTS | F38: 2018-03-05 | G38: M | H38: Yes | I38: 446 | Q38: IRL | S38: Lisburn BMX
A39: LM-0210890 | B39: Adult | C39: 2025-12-31 | D39: Lar | E39: MASSEY | F39: 1971-12-27 | G39: M | H39: Yes | I39: 15 | Q39: IRL | R39: 10017422901 | S39: Lucan BMX
A40: 25LC0239 | B40: Adult | C40: 2025-12-31 | D40: Steven | E40: MCCLEW | F40: 1967-08-09 | G40: M | H40: Yes | I40: 42 | M40: FK-68798 | Q40: IRL | R40: 10090103179 | S40: Cork BMX
A41: LM-0317249 | B41: Adult | C41: 2024-12-31 | D41: ANDREW | E41: MORROW | F41: 1979-04-28 | G41: M | H41: Yes | I41: None | Q41: IRL | R41: 10147514045 | S41: Lisburn BMX
A42: 25U80084 | B42: Youth | C42: 2025-12-31 | D42: Shane | E42: BIRD | F42: 2019-12-30 | G42: M | H42: Yes | I42: None | Q42: IRL | R42: 10148277820 | S42: Cork BMX
A43: 25U80095 | B43: Youth | C43: 2025-12-31 | D43: Finn | E43: MCKEOWN | F43: 2017-01-20 | G43: M | H43: Yes | I43: 646 | Q43: IRL | R43: 10148932366 | S43: Lisburn BMX
A44: 24U80074 | B44: Youth | C44: 2024-12-31 | D44: Abhiram | E44: GANJA | F44: 2016-07-01 | G44: M | H44: Yes | I44: 744 | M44: SS-39493 | Q44: GBR | R44: 10119907138 | S44: Belfast City BMX
A45: CS-0162628 | B45: Adult | C45: 2022-12-31 | D45: Geoff | E45: LYNCH | F45: 1975-10-02 | G45: M | H45: Yes | I45: 75 | Q45: IRL | R45: 10017390565 | S45: East Coast Raiders BMX
A46: 23LC1319 | B46: Adult | C46: 2023-12-31 | D46: Keith | E46: REDFERN | F46: 1974-10-10 | G46: M | H46: Yes | I46: 748 | M46: GC-05397 | N46: GC-05397 | Q46: IRL | R46: 10099950804 | S46: Lisburn BMX
A47: 25U80140 | B47: Youth | C47: 2025-12-31 | D47: Max | E47: CORBALLY | F47: 2017-08-09 | G47: M | H47: Yes | I47: 297 | M47: HS-48807 | Q47: IRL | R47: 10149849826 | S47: Ratoath BMX
A48: 24A40927 | B48: Adult | C48: 2024-12-31 | D48: Paddy | E48: BRADLEY | F48: 1996-10-08 | G48: M | H48: Yes | I48: 41 | M48: GL-96465 | Q48: IRL | R48: 10052699979 | S48: Ratoath BMX
A49: 25U80173 | B49: Youth | C49: 2025-12-31 | D49: Ben | E49: HOULIHAN | F49: 2017-04-28 | G49: M | H49: Yes | I49: 630 | Q49: IRL | R49: 10149327945 | S49: Cork BMX
A50: 25U80063 | B50: Youth | C50: 2025-12-31 | D50: Ruaidhrí | E50: LONG | F50: 2017-01-20 | G50: M | H50: Yes | I50: 556 | M50: SN-50037 | Q50: IRL | R50: 10132895640 | S50: Lucan BMX
A51: 24U80130 | B51: Youth | C51: 2024-12-31 | D51: Rose | E51: O'NEILL | F51: 2013-07-03 | G51: F | H51: Yes | I51: None | Q51: IRL | R51: 10147742805 | S51: Cork BMX
A52: 25U80085 | B52: Youth | C52: 2025-12-31 | D52: Tadgh | E52: DE LEPPER | F52: 2017-01-01 | G52: M | H52: Yes | I52: None | Q52: IRL | R52: 10132820969 | S52: Cork BMX
A53: 24U80141 | B53: Youth | C53: 2024-12-31 | D53: AJ | E53: O'CONNOR | F53: 2017-10-16 | G53: M | H53: Yes | I53: None | Q53: IRL | R53: 10148865072 | S53: Cork BMX
A54: 24U80031 | B54: Youth | C54: 2024-12-31 | D54: Dylan | E54: MCAULEY | F54: 2016-06-03 | G54: M | H54: Yes | I54: None | Q54: GBR | R54: 10146986609 | S54: Lisburn BMX
A55: 24U80064 | B55: Youth | C55: 2024-12-31 | D55: Ethan | E55: PEARSE-WALSH | F55: 2018-06-11 | G55: M | H55: Yes | I55: 145 | M55: FT-62770 | Q55: IRL | R55: 10136249517 | S55: Cork BMX
A56: LM-0256574 | B56: Adult | C56: 2024-12-31 | D56: Eddie | E56: ALLAN | F56: 1970-12-09 | G56: M | H56: Yes | I56: 357 | Q56: IRL | R56: 10016921127 | S56: Belfast City BMX
A57: 23U80153 | B57: Youth | C57: 2023-12-31 | D57: Jack | E57: HUGHES | F57: 2017-05-24 | G57: M | H57: Yes | I57: 572 | Q57: IRL | R57: 10137064620 | S57: Lucan BMX
A58: LM-0300200 | B58: Adult | C58: 2025-12-31 | D58: Thomas | E58: KANE | F58: 1980-05-23 | G58: M | H58: Yes | I58: None | Q58: IRL | R58: 10107118191 | S58: Ratoath BMX
A59: LM-0317537 | B59: Adult | C59: 2024-12-31 | D59: Grace | E59: CAREY | F59: 1988-06-23 | G59: F | H59: Yes | I59: None | Q59: IRL | R59: 10148070076 | S59: Lucan BMX
A60: LM-0316107 | B60: Adult | C60: 2025-12-31 | D60: Laia | E60: CUSELL | F60: 1985-05-25 | G60: F | H60: Yes | I60: None | Q60: IRL | R60: 10145120064 | S60: Lucan BMX
A61: 25U80031 | B61: Youth | C61: 2025-12-31 | D61: Evan | E61: DOGGETT | F61: 2018-01-06 | G61: M | H61: Yes | I61: 581 | M61: NC-96043 | Q61: IRL | S61: Lucan BMX
A62: 24U80120 | B62: Youth | C62: 2024-12-31 | D62: Fiachra | E62: CRONIN | F62: 2016-04-29 | G62: M | H62: Yes | I62: None | Q62: IRL | R62: 10143383057 | S62: Cork BMX
A63: 24U80241 | B63: Youth | C63: 2024-12-31 | D63: Mason | E63: HANNA | F63: 2016-01-14 | G63: M | H63: Yes | I63: 483 | Q63: IRL | S63: Lisburn BMX
A64: LM-0267410 | B64: Adult | C64: 2024-12-31 | D64: Kris | E64: HARRON | F64: 1977-01-15 | G64: M | H64: Yes | I64: None | Q64: GBR | R64: 10110717295 | S64: Belfast City BMX
A65: 24U80131 | B65: Youth | C65: 2024-12-31 | D65: Matthew | E65: CONDON | F65: 2016-05-30 | G65: M | H65: Yes | I65: None | Q65: IRL | R65: 10148554369 | S65: Cork BMX
A66: LM-0289575 | B66: Adult | C66: 2025-12-31 | D66: Dawn | E66: ABBOTT | F66: 1979-11-14 | G66: F | H66: Yes | I66: 324 | Q66: IRL | R66: 10105200120 | S66: Lisburn BMX
A67: 25JR0070 | B67: Youth | C67: 2025-12-31 | D67: Brandon | E67: MALLON | F67: 2007-09-14 | G67: M | H67: Yes | I67: 197 | M67: KX-94514 | Q67: IRL | R67: 10017384808 | S67: Belfast City BMX
A68: 24U80065 | B68: Youth | C68: 2024-12-31 | D68: Max | E68: DOOCEY | F68: 2018-10-23 | G68: M | H68: Yes | M68: GL-22033 | Q68: IRL | R68: 10143306265 | S68: Cork BMX
A69: 24U80076 | B69: Youth | C69: 2024-12-31 | D69: Kelsey | E69: HEAPHY | F69: 2016-12-25 | G69: F | H69: Yes | I69: None | Q69: IRL | R69: 10144954558 | S69: Cork BMX
A70: LM-0301258 | B70: Adult | C70: 2024-12-31 | D70: Michael | E70: GLYNN | F70: 1974-10-10 | G70: M | H70: Yes | I70: 941 | Q70: IRL | R70: 10108161448 | S70: Ratoath BMX
A71: 25LC0968 | B71: Adult | C71: 2025-12-31 | D71: Tom | E71: PRIESTLEY | F71: 1986-04-22 | G71: M | H71: Yes | I71: 700 | M71: TR-00707 | Q71: IRL | R71: 10149611669 | S71: Cork BMX
A72: 24LC1805 | B72: Adult | C72: 2024-12-31 | D72: Anna | E72: SZMYT ZAJONZ | F72: 1982-09-16 | G72: F | H72: Yes | I72: 82 | M72: FK-69112 | N72: FK-69112 | Q72: IRL | R72: 10137923775 | S72: Lucan BMX
A73: 25U80142 | B73: Youth | C73: 2025-12-31 | D73: Culann | E73: MCCARTHY | F73: 2018-02-04 | G73: M | H73: Yes | I73: None | Q73: IRL | R73: 10149469607 | S73: Cork BMX
A74: 25U80164 | B74: Youth | C74: 2025-12-31 | D74: Olly | E74: BRADY | F74: 2021-12-16 | G74: M | H74: Yes | Q74: IRL | S74: Lisburn BMX
A75: LM-0287354 | B75: Youth | C75: 2025-12-31 | D75: Bryan | E75: GRIFFIN | F75: 2006-11-08 | G75: M | H75: Yes | I75: 924 | M75: TL-54375 | Q75: IRL | R75: 10097153160 | S75: Cork BMX
A76: 24U80231 | B76: Youth | C76: 2024-12-31 | D76: Cillian | E76: BEHAN | F76: 2016-07-04 | G76: M | H76: Yes | I76: 918 | Q76: IRL | R76: 10131619583 | S76: Ratoath BMX
A77: 24U80132 | B77: Youth | C77: 2024-12-31 | D77: Ruairí | E77: MORRIS | F77: 2016-11-20 | G77: M | H77: Yes | I77: None | Q77: IRL | R77: 10145569904 | S77: Cork BMX
A78: 25U80087 | B78: Youth | C78: 2025-12-31 | D78: Lewis | E78: ONEILL | F78: 2019-04-17 | G78: M | H78: Yes | I78: 533 | Q78: IRL | S78: Cork BMX
A79: 25JR0060 | B79: Youth | C79: 2025-12-31 | D79: Cailan | E79: LANCASHIRE | F79: 2008-08-03 | G79: M | H79: Yes | I79: None | Q79: IRL | R79: 10016784115 | S79: Lisburn BMX
A80: 24U80143 | B80: Youth | C80: 2024-12-31 | D80: Ciarán | E80: RYNNE | F80: 2017-06-23 | G80: M | H80: Yes | I80: None | Q80: IRL | R80: 10148973287 | S80: Lucan BMX
A81: 25U80098 | B81: Youth | C81: 2025-12-31 | D81: Kian | E81: MCCORMACK | F81: 2018-09-01 | G81: M | H81: Yes | I81: 495 | Q81: IRL | R81: 10146232332 | S81: Lucan BMX
A82: 24U80077 | B82: Youth | C82: 2024-12-31 | D82: Hannah | E82: WARD - BRENNAN | F82: 2019-09-06 | G82: F | H82: Yes | I82: None | Q82: IRL | R82: 10116366335 | S82: Courtown BMX
A83: 24U80088 | B83: Youth | C83: 2024-12-31 | D83: Oihan | E83: O'CONNELL FERNANDEZ | F83: 2017-12-27 | G83: M | H83: Yes | I83: None | Q83: IRL | R83: 10133423985 | S83: Cork BMX
A84: 24U80099 | B84: Youth | C84: 2024-12-31 | D84: Patrick | E84: DONOVAN | F84: 2017-08-04 | G84: M | H84: Yes | I84: None | Q84: IRL | R84: 10136381273 | S84: Cork BMX
A85: 23U80166 | B85: Youth | C85: 2023-12-31 | D85: Sean | E85: KENNEDY | F85: 2016-09-29 | G85: M | H85: Yes | I85: 935 | Q85: IRL | R85: 10116366537 | S85: Courtown BMX
A86: LM-0312885 | B86: Adult | C86: 2025-12-31 | D86: Conor | E86: MCGLINCHEY | F86: 1986-12-23 | G86: M | H86: Yes | I86: None | Q86: IRL | R86: 10139079893 | S86: Cork BMX
A87: LM-0322378 | B87: Youth | C87: 2024-12-31 | D87: Matthew | E87: O'SULLIVAN | F87: 2013-07-04 | G87: M | H87: Yes | M87: FG-03401 | Q87: IRL | S87: Lucan BMX
A88: 25LC0837 | B88: Youth | C88: 2025-12-31 | D88: Josh | E88: WHITLEY HALVEY | F88: 2006-09-27 | G88: M | H88: Yes | I88: 471 | M88: KP-22027 | Q88: IRL | R88: 10017253149 | S88: Ratoath BMX
A89: 25U80110 | B89: Youth | C89: 2025-12-31 | D89: Alexander | E89: CROSBIE | F89: 2017-07-12 | G89: M | H89: Yes | I89: 354 | M89: HP-35064 | Q89: IRL | R89: 10148674308 | S89: Cork BMX
A90: 25U80121 | B90: Youth | C90: 2023-12-31 | D90: Nathan | E90: GLEESON | F90: 2018-12-15 | G90: M | H90: Yes | I90: 609 | Q90: IRL | S90: Cork BMX
A91: 25U80132 | B91: Youth | C91: 2025-12-31 | D91: Sebastian | E91: QUIJADA | F91: 2017-10-31 | G91: M | H91: Yes | I91: 913 | M91: FL-03323 | Q91: IRL | R91: 10119469628 | S91: Lucan BMX
A92: 25U80143 | B92: Youth | C92: 2025-12-31 | D92: Leni | E92: MAGEE | F92: 2017-09-02 | G92: M | H92: Yes | I92: 993 | M92: SR-86214 | Q92: IRL | R92: 10137044109 | S92: Ratoath BMX
A93: 25U80033 | B93: Youth | C93: 2025-12-31 | D93: Elliot | E93: FLASKA | F93: 2019-03-29 | G93: M | H93: Yes | I93: 531 | Q93: IRL | S93: Cork BMX
A94: 24U80331 | B94: Youth | C94: 2024-12-31 | D94: Finn | E94: Cohen | F94: 2018-09-27 | G94: M | H94: Yes | I94: 480 | Q94: IRL | S94: Other
A95: 25U80055 | B95: Youth | C95: 2025-12-31 | D95: Eoin | E95: GAVAN | F95: 2018-03-20 | G95: M | H95: Yes | I95: 373 | M95: KR-24520 | Q95: IRL | R95: 10151085766 | S95: Belfast City BMX
A96: 25JR0171 | B96: Youth | C96: 2025-12-31 | D96: Luis | E96: REID | F96: 2008-10-15 | G96: M | H96: Yes | I96: 269 | Q96: IRL | R96: 10017084007 | S96: Belfast City BMX
A97: 24U80012 | B97: Youth | C97: 2024-12-31 | D97: Daithi | E97: RUSSELL | F97: 2016-04-25 | G97: M | H97: Yes | I97: None | Q97: IRL | R97: 10146671963 | S97: Cork BMX
A98: 24U80133 | B98: Youth | C98: 2024-12-31 | D98: Oliver | E98: MURPHY-BEAN | F98: 2018-06-03 | G98: M | H98: Yes | I98: None | Q98: IRL | R98: 10142303933 | S98: Cork BMX
A99: 25U80088 | B99: Youth | C99: 2025-12-31 | D99: Carson | E99: DOWDS | F99: 2018-10-19 | G99: M | H99: Yes | I99: 582 | M99: NP-22268 | Q99: IRL | S99: Lisburn BMX
A100: 25U80099 | B100: Youth | C100: 2025-12-31 | D100: Niall | E100: MCCORMACK | F100: 2020-10-15 | G100: M | H100: Yes | I100: None | Q100: IRL | R100: 10146842927 | S100: Lucan BMX
A101: 24U80177 | B101: Youth | C101: 2024-12-31 | D101: Oscar | E101: Kelly | F101: 2017-02-13 | G101: M | H101: Yes | Q101: IRL | S101: Lucan BMX
...

Sheet Groups
A1: ****************
A2: Required | B2: Required | C2: Required | D2: Required | E2: Optional | F2: Optional | G2: Required for Teams | H2: Optional | I2: Optional
D3: Club/Team
A4: ****************
A5: Group ID | B5: Group Name | C5: Group Short Name | D5: Group Type | E5: State | F5: Country | G5: League Name 1 | H5: League Name 2 | I5: League Name 3
A6: 10 | B6: Belfast City BMX | C6: BCBMX | D6: Club | F6: Ireland
A7: 20 | B7: Cork BMX | C7: CRKBMX | D7: Club | F7: Ireland
A8: 30 | B8: Courtown BMX | C8: COURTN | D8: Club | F8: Ireland
A9: 40 | B9: East Coast Raiders BMX | C9: ECRBMX | D9: Club | F9: Ireland
A10: 50 | B10: Lisburn BMX | C10: LISBMX | D10: Club | F10: UK
A11: 60 | B11: Lucan BMX | C11: LUCBMX | D11: Club | F11: Ireland
A12: 90 | B12: Other | C12: OTHER | D12: Club | F12: Ireland
A13: 70 | B13: Ratoath BMX | C13: RATBMX | D13: Club | F13: Ireland
A14: 80 | B14: Saint Annes BMX | C14: STANBMX | D14: Club | F14: Ireland

Sheet Leagues
A1: ****************
A2: Required | B2: Required
A4: ****************
A5: League ID | B5: League Name

Sheet Validation
A1: ****************
A2: DO NOT MAKE CHANGES TO THIS WORKSHEET!
A3: This sheet is used to validate data entry on other sheets.
A4: ****************
A5: Clubs | B5: Teams | C5: License Classes
A6: =IF(Groups!D6="Club",Groups!B6,"") | B6: =IF(Groups!D6="Team",Groups!B6,"") | C6: Adult
A7: =IF(Groups!D7="Club",Groups!B7,"") | B7: =IF(Groups!D7="Team",Groups!B7,"") | C7: Youth
A8: =IF(Groups!D8="Club",Groups!B8,"") | B8: =IF(Groups!D8="Team",Groups!B8,"")
A9: =IF(Groups!D9="Club",Groups!B9,"") | B9: =IF(Groups!D9="Team",Groups!B9,"")
A10: =IF(Groups!D10="Club",Groups!B10,"") | B10: =IF(Groups!D10="Team",Groups!B10,"")
A11: =IF(Groups!D11="Club",Groups!B11,"") | B11: =IF(Groups!D11="Team",Groups!B11,"")
A12: =IF(Groups!D12="Club",Groups!B12,"") | B12: =IF(Groups!D12="Team",Groups!B12,"")
A13: =IF(Groups!D13="Club",Groups!B13,"") | B13: =IF(Groups!D13="Team",Groups!B13,"")
A14: =IF(Groups!D14="Club",Groups!B14,"") | B14: =IF(Groups!D14="Team",Groups!B14,"")
A15: =IF(Groups!D15="Club",Groups!B15,"") | B15: =IF(Groups!D15="Team",Groups!B15,"")
A16: =IF(Groups!D16="Club",Groups!B16,"") | B16: =IF(Groups!D16="Team",Groups!B16,"")
A17: =IF(Groups!D17="Club",Groups!B17,"") | B17: =IF(Groups!D17="Team",Groups!B17,"")
A18: =IF(Groups!D18="Club",Groups!B18,"") | B18: =IF(Groups!D18="Team",Groups!B18,"")
A19: =IF(Groups!D19="Club",Groups!B19,"") | B19: =IF(Groups!D19="Team",Groups!B19,"")
... A1005: =IF(Groups!D1005="Club",Groups!B1005,"") | B1005: =IF(Groups!D1005="Team",Groups!B1005,"")
